id,name,handle,desc,link,img
0,Ryan McNeill,McNeill_Tweets,"Traitor to the Oklahoma people. Data Journo @ Reuters. Past: @newsok, @SunSentinel and @dallasnews. 646-223-7446 or ryan.mcneill@tr.com",http://twitter.com/McNeill_Tweets,http://pbs.twimg.com/profile_images/710655958909898753/6AjCUFB3_normal.jpg
1,Denise Malan,DeniseMalan,"Data geek @INN and @IRE. Runner, author of @runbucketlist, Razorback, fan of baseball everywhere, but mostly KC.",http://twitter.com/DeniseMalan,http://pbs.twimg.com/profile_images/378800000699452729/d31249ae60941c39c2acc962c9f8b5a7_normal.jpeg
2,Dhrumil Mehta,DataDhrumil,"Database Journalist, Politics - @FiveThirtyEight. Previously: Intern @berkmancenter, Student Fellow @knightlab, Software Engineer at @amazon",http://twitter.com/DataDhrumil,http://pbs.twimg.com/profile_images/450894408947232768/Gc6cXe5g_normal.jpeg
3,Timothy Barmann,TimothyBarmann,Software Engineer / MojoTech,http://twitter.com/TimothyBarmann,http://pbs.twimg.com/profile_images/3403598258/b5193278731edda2741e385a8e1ee5e9_normal.jpeg
4,Isaac Wolf,IzzieWolf,,http://twitter.com/IzzieWolf,http://pbs.twimg.com/profile_images/460901444355231744/inuy2lp7_normal.jpeg
5,Mike Klaczynski,MikeKlacy,Data story teller @Tableau,http://twitter.com/MikeKlacy,http://pbs.twimg.com/profile_images/2900530595/a795eb70d4e9d5aff124f7c71e5f22a5_normal.jpeg
6,Peter Eisler,byPeterEisler,"National Affairs Correspondent @Reuters, formerly @USATODAY. Fueled by family, mountain biking and the occasional guitar gig.",http://twitter.com/byPeterEisler,http://pbs.twimg.com/profile_images/540533132793888768/1ESwBEkV_normal.jpeg
7,Lorie Hearn,loriehearn,Entrepreneur. News Junkie. Government transparency advocate. ED/Editor @inewsource  This is my personal account.,http://twitter.com/loriehearn,http://pbs.twimg.com/profile_images/2904702514/f401dbba9676c0f59b25224975fd47b4_normal.jpeg
8,David Ho,DavidHo,"@WSJ Executive Mobile Editor. Founding editor: Wall Street Journal #iPad app & mobile news team. @CUNYJschool prof. Former @AP, Cox reporter. Cited by #SCOTUS",http://twitter.com/DavidHo,http://pbs.twimg.com/profile_images/557614276383621120/uqNiFpkm_normal.jpeg
9,Peter Aldhous,paldhous,"Science. Data. Journalism. Maps. Reporter @BuzzFeedNews, lecturer http://t.co/CL1v0TYiav @ucbsoj, instructor @AMI_Berkeley",http://twitter.com/paldhous,http://pbs.twimg.com/profile_images/378800000075444212/9d429e76e428535785d4c8b77f08409f_normal.jpeg
10,Julia Keseru,jkeserue,"Transparency and accountability, data and tech, activism and research. Matchbox Lead at @engnroom. Ex @SunFoundation. In love with humanity.",http://twitter.com/jkeserue,http://pbs.twimg.com/profile_images/460195276775362560/YmaE2shY_normal.jpeg
11,Sharon Walsh,EditorSWalsh,"editor of PublicSource, an investigative website in Pittsburgh @PublicSourcePA. Tweets do not mean endorsement.",http://twitter.com/EditorSWalsh,http://pbs.twimg.com/profile_images/1877737237/sharonpic12_normal.jpg
12,charles duncan,duncanreporting,"Reporter, editor, policy nerd, journalism hacker. Data/investigations @caycompass. Past: @ralpublicrecord, dochive, @wunc, @duke and @ncstate.",http://twitter.com/duncanreporting,http://pbs.twimg.com/profile_images/620649777907302401/HnpEiSnO_normal.jpg
13,Maud Beelman,maudbeelman,"AP Editor for TX,OK,AR. Former investigations/enterprise editor Dallas Morning News. Founding director ICIJ. Former AP foreign/war correspondent.",http://twitter.com/maudbeelman,http://pbs.twimg.com/profile_images/667796409672818688/_Smusbpv_normal.jpg
14,Frederick Kaimann,fkaimann,,http://twitter.com/fkaimann,http://abs.twimg.com/sticky/default_profile_images/default_profile_5_normal.png
15,Tor Ekeland,TorEkelandPC,,http://twitter.com/TorEkelandPC,http://pbs.twimg.com/profile_images/1762672557/Tor_Ekeland_Logo_No_Words_Black_normal.jpg
16,MaryJo Webster,MaryJoWebster,Data journalist. Watchdog. Educator. @StarTribune,http://twitter.com/MaryJoWebster,http://pbs.twimg.com/profile_images/428579568358658049/usgUFTuL_normal.jpeg
17,abelsonlive,brianabelson,'he is clearly very clever' - @nytimes legal department | data science @voxmediainc,http://twitter.com/brianabelson,http://pbs.twimg.com/profile_images/599725181234446337/7acUR9ba_normal.jpg
18,Josh Meyer,JoshMeyerDC,"Medill National Security Journalism Initiative, NBC News Investigations Unit, ex-LA Times terrorism scribe, co-author The Hunt For KSM, IRE board of directors",http://twitter.com/JoshMeyerDC,http://pbs.twimg.com/profile_images/597613430753755136/mSHYOAJY_normal.jpg
19,Tisha Thompson,TishaOnTV,"Investigative Reporter | NBC4 WRC-TV
Retweets are not endorsements.",http://twitter.com/TishaOnTV,http://pbs.twimg.com/profile_images/1617250322/tisha_pic_1_normal.jpg
20,SMK,djournalismus,Data & Journalism in the Age of Post Privacy (and Post Demo...?),http://twitter.com/djournalismus,http://pbs.twimg.com/profile_images/1564443856/sna_normal.png
21,Rick Yarborough,ricknbc,Investigative Producer for NEWS4 I-Team in Washington DC. Send tips: tips@news4iteam.com. Retweets are not endorsements!,http://twitter.com/ricknbc,http://pbs.twimg.com/profile_images/1617235297/298250_2584698498198_1276562608_33054498_1325033663_n_normal.jpg
22,Ronald Campbell,campbellronaldw,Love data and documents. Love writing about them.,http://twitter.com/campbellronaldw,http://pbs.twimg.com/profile_images/1534757276/ron.campbell4_normal.jpg
23,Ben Jones,DataRemixed,"I lead Tableau Public, blog at http://t.co/yiubYKLhNz. Author of Communicating Data With Tableau https://t.co/4fJN22ASAG & teach dataviz at UW. Views are my own",http://twitter.com/DataRemixed,http://pbs.twimg.com/profile_images/622972499882438656/2m0wejij_normal.png
24,Susan E. McGregor,SusanEMcG,"Assistant Director, Tow Center for Digital Journalism @ Columbia J School. Digital security, data journalism, information visualization. http://t.co/oaRiOidMWH",http://twitter.com/SusanEMcG,http://pbs.twimg.com/profile_images/1524112159/254849_532058423491_2528_31505773_5746_n_normal.jpg
25,John Walton,walt_jw,Journalist on the BBC's visual journalism team. Maps and data are my day to day. Home is London. Views are mine.,http://twitter.com/walt_jw,http://pbs.twimg.com/profile_images/3339204433/6757eff0de5d82140df5ba2fbdebf445_normal.jpeg
26,Robert Gebeloff,gebeloffnyt,I'm part of a team of journalists at the New York Times specializing in data analysis. https://t.co/xg18uqgduH. Platform agnostic since 1986....,http://twitter.com/gebeloffnyt,http://pbs.twimg.com/profile_images/1389323402/nytmug_normal.jpg
27,Joce Sterman,jocefromthenews,Investigative reporter in heels for @abc7news. Breaking news digger. Document finder. Sternly worded letter writer. I'm nicer without my glasses,http://twitter.com/jocefromthenews,http://pbs.twimg.com/profile_images/615820250433630208/QMDwsVo-_normal.jpg
28,Martin Burch,seecmb,Data journalist,http://twitter.com/seecmb,http://pbs.twimg.com/profile_images/614982435206332418/0wtOSxR5_normal.jpg
29,Aaron Kessler,akesslerdc,National investigative producer for @scrippsnews DC bureau. Formerly @nytimes. Knight-Bagehot & Mizzou alum. Philly sports fan. New dad.,http://twitter.com/akesslerdc,http://pbs.twimg.com/profile_images/1320194818/photo1.jpg_normal.jpg
30,Jeremy Singer-Vine,jsvine,Human @ Internet • Data Editor @ BuzzFeed News • Newsletter-er @ https://t.co/t7klYYMNVB • PGP: E2B0 63DB 0601 D634 1E9E F9AE 9F24 768F 9B4A EFB0,http://twitter.com/jsvine,http://pbs.twimg.com/profile_images/378800000498662657/9d6886c23679801a951392b1a9f60e70_normal.png
31,Meghan Hoyer,MeghanHoyer,I mess with data. I talk to people. I write it all down.,http://twitter.com/MeghanHoyer,http://pbs.twimg.com/profile_images/643884814119104512/9Pew3YSv_normal.jpg
32,David S. Fallis,DavidSFallis,Deputy Investigations Editor at The Washington Post. Husband & father. Prefer 2 wheels to 4. Can also be found @wpinvestigates.,http://twitter.com/DavidSFallis,http://pbs.twimg.com/profile_images/378800000701776906/d9bf835e03fae603038d0c2fd5c02058_normal.jpeg
33,Meredith Broussard,merbroussard,"New York University assistant professor. Data journalist. I tweet about education, media, data, news apps, pop culture, and sometimes birds.",http://twitter.com/merbroussard,http://pbs.twimg.com/profile_images/1815493983/Broussard-Medrez0001_normal.jpg
34,David Donald,david_donald,"Data editor, Investigative Reporting Workshop. ''[A] little bit of humility is good for everyone, but especially for scientists and journalists'' - Philip Meyer",http://twitter.com/david_donald,http://pbs.twimg.com/profile_images/627198576498577408/37tv6pGV_normal.jpg
35,Jennifer LaFleur,j_la28,"jlafleur at http://t.co/YLCx2djhhk @reveal former Propublican #data, #transparency, #disabilities, faces, occasional cats",http://twitter.com/j_la28,http://pbs.twimg.com/profile_images/592865122932158464/Ct_HhyAf_normal.jpg
36,Chris Schnaars,chrisschnaars,Father. Husband. Journalist. Data geek.,http://twitter.com/chrisschnaars,http://pbs.twimg.com/profile_images/2728998813/a73cb9a1fd838d535bcb0def427ba8c5_normal.jpeg
37,Jaeah J. Lee,jaeahjlee,"Reporter covering criminal justice and inequality. Previously staff reporter @MotherJones, research @CFR_org. Ain't sorry. jaeahjlee@gmail.com",http://twitter.com/jaeahjlee,http://pbs.twimg.com/profile_images/713862090642087936/pz9RUNFg_normal.jpg
38,Liza Stark,liza_stark,"designer, Maker, educator, soft circuiteer, Parsons @MFADT adjunct faculty, Community + Content Lead @littleBits. I like making things and sharing them.",http://twitter.com/liza_stark,http://pbs.twimg.com/profile_images/568818120312123392/jMc8FIco_normal.jpeg
39,Waldo Jaquith,waldojaquith,"Director of U.S. Open Data (@opendata), advisor to @sunfoundation. Working dad. Last name pronounced JAKE-with. He/him.",http://twitter.com/waldojaquith,http://pbs.twimg.com/profile_images/459705033282420736/lrr8ZvPe_normal.png
40,erika owens,erika_owens,"program manager @opennews, ex-@PSNotebook. likes: open source, journalism, education, feminism, social justice, music, overanalysis, and uproarious laughter.",http://twitter.com/erika_owens,http://pbs.twimg.com/profile_images/1347972414/eao-pic_normal.jpeg
41,Manny Garcia,manny_garcia1,Editor Naples Daily News. Team builder. #IRE - Luke 12:2-3. #forzanapoli #OneGannett manny.garcia@naplesnews.com,http://twitter.com/manny_garcia1,http://pbs.twimg.com/profile_images/568965921700474880/Yoe8yK9k_normal.jpeg
42,Janet Roberts,jersey_janet,Data Editor at Thomson Reuters,http://twitter.com/jersey_janet,http://pbs.twimg.com/profile_images/2170234628/profile_photo_small_normal.jpg
43,Matt Jacob,matthewajacob,"Assoc Dir of Public Affairs @PerkinsSMU, always a doting husband and daddy. @usta tennis nut, foodie at heart. Proud @smu and @mizzou alum!",http://twitter.com/matthewajacob,http://pbs.twimg.com/profile_images/1219264687/MattJMug_normal.jpg
44,Angela Caputo,AngelaTCR,"Investigative reporter, Chicago Tribune.",http://twitter.com/AngelaTCR,http://pbs.twimg.com/profile_images/853213730/caputo_mug_1_normal.JPG
45,Luke Rosiak,lukerosiak,"Went down to see my VA man
he said son, don't you understand?",http://twitter.com/lukerosiak,http://pbs.twimg.com/profile_images/1383357368/avatar_normal.jpg
46,John Bones,vgbones,,http://twitter.com/vgbones,http://pbs.twimg.com/profile_images/758948964/portett_vg_fredag_normal.jpg
47,Jordan McCullough,thejordanmcc,Solutions engineer at @GitHub. Part-time photographer. Mountain climber.,http://twitter.com/thejordanmcc,http://pbs.twimg.com/profile_images/2975190360/8a12787a4ace1577f275ab6f5b8ec5d1_normal.jpeg
48,Tom Meagher,ultracasual,"Journo covering crime, justice and capital punishment at the Pulitzer Prize-winning @marshallproj.
Ad astra per aspera.",http://twitter.com/ultracasual,http://pbs.twimg.com/profile_images/649000238292828160/PcNViBSa_normal.jpg
49,Brom Ricardo German,rgbrom,"From La Nacion, searching data, wherever it is.",http://twitter.com/rgbrom,http://pbs.twimg.com/profile_images/1847841246/Ricardo6_normal.JPG
50,Kendall Taggart,KendallTTaggart,"Reporter @BuzzFeedNews (previously @CIRonline). Mostly working on long-term projects. I've written about crime, nonprofits and pesticides.",http://twitter.com/KendallTTaggart,http://pbs.twimg.com/profile_images/624565907763920900/T2fdQLq9_normal.jpg
51,Paul Overberg,poverberg,"Expat Jersey guy, Rutgers grad, father of twins, news data hunter-gatherer-farmer-chef-server, especially demographics. Lately @USATODAY, now @WSJ",http://twitter.com/poverberg,http://pbs.twimg.com/profile_images/640949419421093889/gcSqKmM8_normal.jpg
52,Al Johri,aljohri,"Current: Data Scientist @WashingtonPost, Instructor @GA_DC | Alum: Comp. Journalist Intern @FiveThirtyEight, Student Fellow @KnightLab, CS @NorthwesternU",http://twitter.com/aljohri,http://pbs.twimg.com/profile_images/709435184391675904/247P1ZI7_normal.jpg
53,Helene Sears,MateerS,"Senior UX Designer at Amazon Video, ex-Guardian & BBC. Fanatic about design, interesting stories & coffee.",http://twitter.com/MateerS,http://pbs.twimg.com/profile_images/717088685192306689/s6NtfzUM_normal.jpg
54,Kevin Schaul,kevinschaul,"graphics editor, @washingtonpost | not that fancy | https://t.co/oBCJH7pKis",http://twitter.com/kevinschaul,http://pbs.twimg.com/profile_images/701966355692654596/E526JM6W_normal.jpg
55,Megan Luther,MeganLuther,#Journalist. @IRE_NICAR Training Director. ME of IRE Journal. #publicrecords addict. Located in the other Dakota. My views aren't important. megan@ire.org,http://twitter.com/MeganLuther,http://pbs.twimg.com/profile_images/654670000666505216/Gsprdp8p_normal.jpg
56,Acton H. Gorton,tin_acton,PhD student at UIUC and data journalist,http://twitter.com/tin_acton,http://pbs.twimg.com/profile_images/853664873/Screen_shot_2010-04-26_at___April_26__3.53.41_PM_normal.png
57,Robert Benincasa,RobertBenincasa,NPR data journalist. Street photographer. @HoyaJournalism faculty member. Retweets = Have you seen this?  https://t.co/dUzZizp6vx | https://t.co/cxOxpzBkDt,http://twitter.com/RobertBenincasa,http://pbs.twimg.com/profile_images/2528886996/pr3wxtit9b945g4x3sy4_normal.jpeg
58,Samantha Sunne,SamanthaSunne,freelancer. have data will travel. @tools4reporters / @hackshackers,http://twitter.com/SamanthaSunne,http://pbs.twimg.com/profile_images/716080810902691840/_GEh_g-3_normal.jpg
59,Chase Davis,chasedavis,"Deputy editor, interactive news @nytimes. Husband of @toreyvanoot. Native Minnesotan, complete with all stereotypes that implies.",http://twitter.com/chasedavis,http://pbs.twimg.com/profile_images/523631986137505792/9M0W_saJ_normal.png
60,agustin armendariz,agustin_NYT,reporter @nytimes,http://twitter.com/agustin_NYT,http://pbs.twimg.com/profile_images/654326428326952961/Hi-qKhDR_normal.jpg
61,Djordje Padejski,djordjepadejski,"@JSKStanford Impact Leader, tweets abt innovative journalism things, investigative/data journalist @ICIJorg, @FOIAMACHINE founder @CIRonline",http://twitter.com/djordjepadejski,http://pbs.twimg.com/profile_images/594768300724199424/R380icBL_normal.jpg
62,Mar Cabra,cabralens,"Periodista investigación y datos. Amante #transparencia. Editor, data&research unit @ICIJorg Profesora #ddj Premio Larra 2012. Clave PGP:https://t.co/McBVGaGxWY",http://twitter.com/cabralens,http://pbs.twimg.com/profile_images/723973228352425985/Eezo6pQL_normal.jpg
63,Alex Richards,alexrichards,"Training Director, @IRE_NICAR. @chicagotribune, @chronicle and @lasvegassun alum. | alex@ire.org",http://twitter.com/alexrichards,http://pbs.twimg.com/profile_images/2828338433/5c5f3698e993a8cdc703ae0b3a24c000_normal.jpeg
64,Nils Mulvad,nmulvad,"Partner and CEO at Kaas & Mulvad. Focusing on FOI, data gathering and media development.",http://twitter.com/nmulvad,http://pbs.twimg.com/profile_images/611519898137853952/6YjAVzoM_normal.jpg
65,Alastair Dant,ajdant,Interactive developer with the @NYTimes. Formerly @Guardian. Legal alien.,http://twitter.com/ajdant,http://pbs.twimg.com/profile_images/2992033507/3102f4b3d0fa8fcb82c3c06567df2360_normal.jpeg
66,Tasneem Raja,tasneemraja,"Senior Editor at @NPRCodeSwitch. Formerly: editor at @motherjones, reporter at @chicagoreader. What is this I can't even.",http://twitter.com/tasneemraja,http://pbs.twimg.com/profile_images/587043889795747840/ceCKnW9D_normal.jpg
67,Lena Groeger,lenagroeger,"science journalist & designer, news apps developer @propublica, adjunct prof. @thenewschool & @cunyjschool",http://twitter.com/lenagroeger,http://pbs.twimg.com/profile_images/649538667690782720/SyXMvW0j_normal.jpg
68,Fred Vallance-Jones,Fvjones,"Journalism research & investigative data prof at @ukings, husband, dad, Christian, cyclist, x/c skier. Creator of @PEICompare. I retweet interesting things.",http://twitter.com/Fvjones,http://pbs.twimg.com/profile_images/693562470510809088/-xWaUgZm_normal.jpg
69,Tyler Fisher,tylrfishr,Human @nprviz. Bassist/occasional skramz @hookydc. I came from the @knightlab.,http://twitter.com/tylrfishr,http://pbs.twimg.com/profile_images/714153513669025797/MiWu4Ou4_normal.jpg
70,Andy Lehren,lehrennyt,"New York Times reporter. Works on  in-depth and investigative stories. Former NBC investigative doc producer, data journalism @ire_nicar. RTs   endorsements.",http://twitter.com/lehrennyt,http://pbs.twimg.com/profile_images/3406413313/41defc2fb94a367a3b41eb51cd91a142_normal.jpeg
71,Julie Tate,JulieATate,Researcher at the Washington Post,http://twitter.com/JulieATate,http://pbs.twimg.com/profile_images/617577440152584193/gSdibWtJ_normal.jpg
72,Joseph Kokenge,josephkokenge,Data Editor at http://t.co/bv1KnnJFXN Nebraskan. Mortal.,http://twitter.com/josephkokenge,http://pbs.twimg.com/profile_images/476628356/3732359545_420a783ee1_b_normal.jpg
73,Andrea Fuller,anfuller,"Data Cowgirl. Reporter @WSJ. NYC via DC via CA via Asheville, NC. Feed = journalism + misc. thoughts. I wanna build something that's gonna outlive me.",http://twitter.com/anfuller,http://pbs.twimg.com/profile_images/496529214317662208/bgT4X3Ai_normal.jpeg
74,Sarah Cohen,sarahcnyt,"Editor of @NYTimes computer-assisted reporting team, president of @IRE_NICAR board of directors. sarah.cohen@nytimes.com PGP https://t.co/F9EjlKB57E",http://twitter.com/sarahcnyt,http://pbs.twimg.com/profile_images/1369754903/DSC00074_2_normal.JPG
75,Tommy Kaas,tbkaas,"Datajournalist, analyst, trainer and co-founder of Kaas & Mulvad. #dk #ddj #dataviz #dkmedier",http://twitter.com/tbkaas,http://pbs.twimg.com/profile_images/2433123468/image_normal.jpg
76,James Gordon Meek,meekwire,"Emmy-nominated ABC News Investigative Reporter. Artist, photodog, war writer. CCHS Senior Fellow. Former CT Advisor, Homeland Sec Cmte; ex-NYDN. IG: @meekwire",http://twitter.com/meekwire,http://pbs.twimg.com/profile_images/709740924859908096/c8kIXqLH_normal.jpg
77,Sara Schnadt,SaraSchnadt,"Performance/Installation artist, structural-creative maker/techie. https://t.co/v3JIlJoOTW, https://t.co/skxFykqoBv. Was continuum.io, https://t.co/epz2iyJHG2",http://twitter.com/SaraSchnadt,http://pbs.twimg.com/profile_images/472445991765807105/hQlyaJoF_normal.jpeg
78,Robby Deming,robbydeming,"Member of @Esri media relations team where I work with journos and make maps. Rabid fan of the @AnaheimDucks, @Padres & @Chargers. Writer for @AnaheimCalling",http://twitter.com/robbydeming,http://pbs.twimg.com/profile_images/3185541493/64cbdf526c92cf3c839fb4e6ed52968e_normal.jpeg
79,Ted Mellnik,tmellnik,,http://twitter.com/tmellnik,http://pbs.twimg.com/profile_images/3592170779/c6b31ddcb6b1f7469bd836e210b945e6_normal.jpeg
80,Fredreka Schouten,fschouten,"USA TODAY reporter. Wife, runner, eater and Crucian. Tips? fschouten@usatoday.com",http://twitter.com/fschouten,http://pbs.twimg.com/profile_images/3086914254/4a7d68ee08a03cb5d41c09a9231b0db5_normal.jpeg
81,Jennifer Valentino,jenvalentino,"Jennifer Valentino-DeVries: Reporter @WSJ. For secure contact, PGP, more see: https://t.co/La8RBRT4Dg.",http://twitter.com/jenvalentino,http://pbs.twimg.com/profile_images/378800000618665254/068635b1fcdb257b13eff4197a2bd00b_normal.jpeg
82,Alberto Cairo,albertocairo,"Knight Chair at the University of Miami. Author of 'The Truthful Art' (to be published in March 2016), and 'The Functional Art' (2012) http://t.co/WViz9fOl7J",http://twitter.com/albertocairo,http://pbs.twimg.com/profile_images/458793804904947712/kK2hkAOC_normal.jpeg
83,Jodi Upton,jodiupton,"Data journalist. Avid counter of all things. Constantly curious. Fan of dogs, gardens and cake.",http://twitter.com/jodiupton,http://pbs.twimg.com/profile_images/438789343205814272/TPnSR4j3_normal.jpeg
84,Christopher Groskopf,onyxfish,"Reporter of Things, @qz. Nebraskan afield. Toolmaker: csvkit, pym, agate, proof, bad-data-guide, etc. Hit me: c@qz.com",http://twitter.com/onyxfish,http://pbs.twimg.com/profile_images/2778403638/4f499e3b117a65e0eb35e14069a29dfc_normal.png
85,Jill Riepenhoff,JRiep,"Projects reporter, The Columbus Dispatch. Advocate for open government, transparency in college athletics, and consumer-financial protection.",http://twitter.com/JRiep,http://pbs.twimg.com/profile_images/2206613740/Jill_Riepenhoff_blv_LoRes_normal.JPG
86,Helena Bengtsson,HelenaBengtsson,"Editor, Data Projects at the Guardian",http://twitter.com/HelenaBengtsson,http://pbs.twimg.com/profile_images/378800000301069470/9cd89825518f6765e6be0e08aae36c57_normal.jpeg
87,Tim Henderson,timhendo,Numbers guy,http://twitter.com/timhendo,http://pbs.twimg.com/profile_images/529392874467491840/rE8OwR2q_normal.jpeg
88,John Perry,perryjg,"Data journalist since 1995. Member of the @AJCInteractives team. One of these days, I'll have time to learn how to play that guitar.",http://twitter.com/perryjg,http://pbs.twimg.com/profile_images/321631618/rock_troubador_normal.jpg
89,Thomas Hargrove,ThomasHargrove,Director of the nonprofit Murder Accountability Project,http://twitter.com/ThomasHargrove,http://pbs.twimg.com/profile_images/2815463064/a3a5abf7df2b4aad346403941e8c7000_normal.jpeg
90,Ida Bae Wells,nhannahjones,Reporter @nytmag covering race in the U.S. since 1619//I BREAK CHAINS ALL BY MYSELF//Second nadirist//It's said that I have a flawless bullshit detector//,http://twitter.com/nhannahjones,http://pbs.twimg.com/profile_images/725735614927265792/RIsDbM3h_normal.jpg
91,Justin Fenton,justin_fenton,"Crime reporter in Charm City at the @baltimoresun. News tips, hate mail, recipes: jfenton@baltsun.com",http://twitter.com/justin_fenton,http://pbs.twimg.com/profile_images/672187862918537216/LcFXuwGI_normal.jpg
92,shane shifflett,shaneshifflett,"journalist + data viz @HuffPostData, lecturer @TheNewSchool for @JournoDesign",http://twitter.com/shaneshifflett,http://pbs.twimg.com/profile_images/492153623736901632/PAwYvSYu_normal.png
93,Tom McGinty,mcgint,Wall Street Journal Reporter,http://twitter.com/mcgint,http://pbs.twimg.com/profile_images/551104137538961408/kBGEt5sk_normal.jpeg
94,Ian Livingston,islivingston,"Senior researcher, Center for 21st Century Security and Intelligence. Info lead/photographer, @washingtonpost's @capitalweather. Co-founder, @ustornadoes.",http://twitter.com/islivingston,http://pbs.twimg.com/profile_images/715750622595837952/QEODCtzf_normal.jpg
95,Phil Mattera,DirtDiggers,Dirt Diggers Digest: Chronicling Corporate Misbehavior (and How to Research It),http://twitter.com/DirtDiggers,http://pbs.twimg.com/profile_images/1693743675/detective_normal.png
96,Steven Rich,dataeditor,Database editor: @wpinvestigates | Board member: @IRE_NICAR | Podcasting: @datarichpodcast | Coding: https://t.co/dw0774aWs3 | PGP: https://t.co/vgyPzW5oQu,http://twitter.com/dataeditor,http://pbs.twimg.com/profile_images/560115646080376833/biNBpeW7_normal.png
97,Sisi Wei,sisiwei,"Investigative journalist & developer @ProPublica. Co-founder of @Codewithme. Adjuncting. Prev @PostGraphics. Maker and player of games. NSA, I'm a U.S. Person.",http://twitter.com/sisiwei,http://pbs.twimg.com/profile_images/668258026072113152/MQjrPwKX_normal.jpg
98,Edwin Bender,EHBender,"Executive Director, http://t.co/WFoIgVz9rD",http://twitter.com/EHBender,http://pbs.twimg.com/profile_images/85985294/DixieChick.jpeg_normal.jpg
99,Charles Ornstein,charlesornstein,"Senior reporter at @ProPublica, past president of @ahcj, hopeful Detroit Lions fan, Columbia journ prof. Dad and husband. charles.ornstein@propublica.org",http://twitter.com/charlesornstein,http://pbs.twimg.com/profile_images/694924788284944385/pKnFKZDG_normal.jpg
100,Michael Keller,mhkeller,"interactive news reporter @bloomberg, co-founder @csvsoundsystem, @TreasuryIO. Formerly @ajam, @towcenter. contact: first.last [at] gmail",http://twitter.com/mhkeller,http://pbs.twimg.com/profile_images/528001292161929216/YKVD1Hzt_normal.png
101,Stephen Stirling,SStirling,"Data reporter for NJ Advance Media, Weather Guy @njdotcom, occasional contributor to @fivethirtyeight, rabid Devils/Mets fan, Rowan Alum. Opinions my own.",http://twitter.com/SStirling,http://pbs.twimg.com/profile_images/566820297983426560/HuZL9rVO_normal.jpeg
102,David Herzog,davidherzog,"@mujournalism prof, @ire_nicar, author of Data Literacy book from SAGE Pubs, ex-investigative reporter. Student of soccer, comedy podcasts, music.",http://twitter.com/davidherzog,http://pbs.twimg.com/profile_images/3631074344/4a9e41dec5ddd1ef96e18946305d1acd_normal.jpeg
103,Daniel Lathrop,lathropd,reporter; @UIOWA_SJMC assistant professor; datajournalist; Pythonista. On the journalism spectrum.,http://twitter.com/lathropd,http://pbs.twimg.com/profile_images/567405725261918208/t1q1SOeX_normal.jpeg
104,Robert Hernandez,webjournalist,"@USCAnnenberg Profe MacGyvering digi journalism. #wjchat @ONA @NAHJ #HorizontalLoyalty #withpurpose #JustAMinorThreat // I live sweat, but I dream light years.",http://twitter.com/webjournalist,http://pbs.twimg.com/profile_images/660522853855592448/lnjrvwXc_normal.jpg
105,Chris Canipe,ccanipe,I make web things for The Wall Street Journal. I also teach a news apps class at Mizzou and play in a band called Malone. ... ... ... I'm okay. You? Cool cool.,http://twitter.com/ccanipe,http://pbs.twimg.com/profile_images/677161346610294784/Kaa8zXQu_normal.jpg
106,Ryan Murphy,rdmurphy,"Reporter, @newsapps team lead + senior designer/developer with @TexasTribune. Campaign finance, data visualization, web performance and interactive design. ♦",http://twitter.com/rdmurphy,http://pbs.twimg.com/profile_images/615046810462109696/L-1a5pqt_normal.jpg
107,Andrew W Hill,andrewxhill,"Former biologist, developer, mapper. Chief Science Officer @CartoDB",http://twitter.com/andrewxhill,http://pbs.twimg.com/profile_images/669283490203090945/xsXKMWnE_normal.jpg
108,Ryann Jones,ryanngro,"data reporter @ProPublica || embed data instructor @JournoDesign || volunteer & marathoner @gotrnyc || @mizzou, @phillies || I like my sugar with coffee & cream",http://twitter.com/ryanngro,http://pbs.twimg.com/profile_images/483682430407045121/Y020MFMO_normal.png
109,Coulter Jones,coulterjones,"Data reporter; @ryanngro's husband; @IRE_NICAR member, Mizzou grad and baseball fan. As likely to tweet about former as the latter.",http://twitter.com/coulterjones,http://pbs.twimg.com/profile_images/378800000147098955/fb843eb49d2f6a0a8354d95cffb82a44_normal.jpeg
110,Joanna Lin,joannalin,Business analyst at Google. Former journalist.,http://twitter.com/joannalin,http://pbs.twimg.com/profile_images/1779043673/3402992_54685831_1123842573_n_normal.jpg
111,miranda mulligan,jmm,"eats tacos. says obvious things. recklessly optimistic. / @thelist lady, #sndmakes wrangler, digital specialist, consultant, news design veteran.",http://twitter.com/jmm,http://pbs.twimg.com/profile_images/720583463548485633/hdlXx3fe_normal.jpg
112,Ellen Gabler,egabler,"investigative reporter/assistant editor, Milwaukee Journal Sentinel | Board member of Investigative Reporters & Editors | Emory & Columbia U grad | Words & Data",http://twitter.com/egabler,http://pbs.twimg.com/profile_images/2692204679/b160a48dfe4562a6c6130c1155fe11f8_normal.jpeg
113,Chris Doten,cdoten,"I heart foreign policy & the net & politics. Head of tech & innovation w/@NDItech. Aspire to own a Weimaraner, love my old Miata. All opinions own blah blah.",http://twitter.com/cdoten,http://pbs.twimg.com/profile_images/641731180254089216/S6A1TYb__normal.jpg
114,Anthony DeBarros,anthonydb,"Product, strategy, code, data, journalism. Now: @documentcloud; past: @gannettdigital, @usatoday, @PokJournal, @wpdhfm | ISTJ, prog, guitar, poetry, family",http://twitter.com/anthonydb,http://pbs.twimg.com/profile_images/679868238637981697/tweZ-7M8_normal.jpg
115,Jaimi Dowdell,JaimiDowdell,"Journalist, IRE training director, lover of food, music, exercise and sleep.",http://twitter.com/JaimiDowdell,http://pbs.twimg.com/profile_images/257814684/Jaimi_Dowdell_normal.jpg
116,Mark Horvit,markhorvit,"Executive Director, Investigative Reporters and Editors (IRE); associate professor, University of Missouri School of Journalism, board member, @nfoic",http://twitter.com/markhorvit,http://pbs.twimg.com/profile_images/1617879859/marktwitter_normal.png
117,BrianPeterson,bcpeterson56,"Media Exec at Esri. Former VP PR Fox Cable Nets and NFL Media Exec. Love biz strategy, sports, and entertainment. Posts are my own.",http://twitter.com/bcpeterson56,http://pbs.twimg.com/profile_images/643800290232287233/L55BSCFE_normal.jpg
118,Happy Andy Boyle,andymboyle,"I make stuff on computers and say things on stages ★  @breakingnews, formerly @ChicagoTribune, @BostonGlobe, etc. ★ Subscribe: https://t.co/M6d4X7ncU2",http://twitter.com/andymboyle,http://pbs.twimg.com/profile_images/693159931898277888/xO6gNuve_normal.jpg
119,Noah Veltman,veltman,"I try to make fun things on the internet. Code, graphics, data, journalism on the @WNYC @datanews team. Inveterate Californian.",http://twitter.com/veltman,http://pbs.twimg.com/profile_images/628713757384949760/1lYWbPRi_normal.jpg
120,Chris Keller,ChrisLKeller,Mixes code & journalism as Data Editor @ KPCC (SoCal Public Radio); husband; jack-of-all-trades; Packers/Badgers fan; drummer/guitarist; ckeller[at]scpr[dot]org,http://twitter.com/ChrisLKeller,http://pbs.twimg.com/profile_images/688375798256893954/6YMVgjD3_normal.jpg
121,Serdar Tumgoren,zstumgoren,Husband. Father. @AP data journalist.,http://twitter.com/zstumgoren,http://pbs.twimg.com/profile_images/3636999851/fe71fc3956a691b673897ed0375bd5b9_normal.jpeg
122,Adam Goldstein,AdGo,"Attorney, Student Press Law Center. Gamer, anti-hero, cautionary tale. Opinions are my own, until I abandon them suddenly for no reason.",http://twitter.com/AdGo,http://pbs.twimg.com/profile_images/1370149680/Photo_on_2011-05-26_at_16.21b_normal.jpg
123,matt_kiefer,matt_kiefer,data editor @chicagoreporter,http://twitter.com/matt_kiefer,http://pbs.twimg.com/profile_images/528943540454572032/QFZ951bN_normal.jpeg
124,Rich Gordon,richgor,"Professor and director of digital innovation, Medill School, Northwestern U.",http://twitter.com/richgor,http://pbs.twimg.com/profile_images/62574822/gordon140x140_normal.jpg
125,cephillips,cephillips,I'm a data journalism lecturer at Stanford and the former data innovation editor at The Seattle Times + longtime member of Investigative Reporters and Editors.,http://twitter.com/cephillips,http://pbs.twimg.com/profile_images/575166124427337729/5qjFvLmN_normal.png
126,Irene Ros,ireneros,Director of Data Visualization at Bocoup: https://t.co/JfQOSDBpWr and  @openvisconf. iros on github.,http://twitter.com/ireneros,http://pbs.twimg.com/profile_images/312490233/facebook_normal.jpg
127,Mike Maciag,mmaciag,GOVERNING Data Editor. Exiled Cincinnatian and south Floridian.,http://twitter.com/mmaciag,http://pbs.twimg.com/profile_images/597392952361558016/uqaM2xhu_normal.jpg
128,Jack Gillum,jackgillum,"Associated Press reporter on the Washington investigative team, finding clues among people, datasets & documents. RTs, hearts = ¯\_(ツ)_/¯. jgillum(at)ap(dot)org",http://twitter.com/jackgillum,http://pbs.twimg.com/profile_images/551442430138929153/G5WOvC3n_normal.jpeg
129,Jeremy B. Merrill,jeremybmerrill,"journalist/programmer on the 2016 politics beat @nytimes. occasional linguist. developer @tabulaPDF. High pun tolerance, low spicy tolerance.",http://twitter.com/jeremybmerrill,http://pbs.twimg.com/profile_images/378800000625587572/4b376a2c5287fad3fb488282fe61c6c5_normal.png
130,Pam G. Dempsey,pamelagdempsey,Executive Director @imidwest | Reporter | News Project Coordinator | Opinions are all mine | Replant to Midwest from West.,http://twitter.com/pamelagdempsey,http://pbs.twimg.com/profile_images/453555133956124673/xredb5gB_normal.jpeg
131,Ben Balter,benbalter,"Attorney, open source developer, Product manager at GitHub",http://twitter.com/benbalter,http://pbs.twimg.com/profile_images/504989503564443648/rWZu4dnD_normal.jpeg
132,Jewel Loree,jeweloree,"Music Enthusiast. Data Junkie. Product Manager for @Tableau, Bassist for @golden_idols https://t.co/hwWNGiFJEC",http://twitter.com/jeweloree,http://pbs.twimg.com/profile_images/512045601165287424/JhmuPRYM_normal.jpeg
133,Deborah Nelson,Newshawks,I do & teach investigative reporting. Contact me at anewshawk@gmail.com,http://twitter.com/Newshawks,http://pbs.twimg.com/profile_images/549625768674725889/q74kxCnl_normal.jpeg
134,Theo Francis,theofrancis,"Business & investigative reporter at The Wall Street Journal: corporate disclosure, transparency, governance, complexity. Retweets ≠ endorsements.",http://twitter.com/theofrancis,http://pbs.twimg.com/profile_images/63900765/Tf-ser-sm_normal.jpg
135,Troy Thibodeaux,tthibo,"Data journalism team editor at The Associated Press. Bemused dad of twin boys. New Orleanian by marriage, residence and inclination.",http://twitter.com/tthibo,http://pbs.twimg.com/profile_images/76264287/Photo_2_normal.jpg
136,Michelle Minkoff,michelleminkoff,"Data Journalist at Associated Press (@AP) in Washington, DC. Combining passions for data, journ & tech.",http://twitter.com/michelleminkoff,http://pbs.twimg.com/profile_images/572206286779863040/VYhgWAf__normal.jpeg
137,Lawrence Lanahan,llanahan,"Radio/print freelancer, creator of @linesbetweenus, reporting with an equity lens. Waste my time with magazines. Music: @disink. RTs = I'll believe anything.",http://twitter.com/llanahan,http://pbs.twimg.com/profile_images/481817721248571393/QTnpoJC__normal.jpeg
138,Beth M. Duckles,bduckles,"Writer, social scientist, ethnographer. Talk to me about sustainability, social change, tea and beautiful questions.",http://twitter.com/bduckles,http://pbs.twimg.com/profile_images/530744207850217473/9p8qI7NB_normal.jpeg
139,Steve Doig,sdoig,"Journalism professor at ASU's Cronkite School, former Miami Herald investigative reporter. Data/stats geek. Cook.",http://twitter.com/sdoig,http://pbs.twimg.com/profile_images/72578057/steve-doig_normal.jpg
140,Mike Soraghan,MikeSoraghan,"Reporter, EnergyWire. Frac(k)ing is my life. Retweets do not connote comprehension.",http://twitter.com/MikeSoraghan,http://pbs.twimg.com/profile_images/2645630553/fbdcd569c7cbd83bba874e8d65c5b303_normal.jpeg
141,Valdis Krebs,ValdisKrebs,"Small Biz Owner, Mathematician, Sociologist, TEDx Speaker, Electronic Musician, Photographer, Husband, Father ... Following via Lists and Open DM!",http://twitter.com/ValdisKrebs,http://pbs.twimg.com/profile_images/2649151529/63ac662124a401838a48dc91798de71e_normal.png
142,Bill Allison,bill_allison,"Investigative journalist based in Washington, D.C.. covering campaign finance for Bloomberg. Opinions are my own. Former @sunfoundation and @PublicI",http://twitter.com/bill_allison,http://pbs.twimg.com/profile_images/472907284/Bill_Allison_Center2_normal.jpg
143,Margot Williams,MargotWilliams,"Research Editor at The Intercept     
Bio & PGP Key at link https://t.co/K0668tgdGf",http://twitter.com/MargotWilliams,http://pbs.twimg.com/profile_images/620444213512028160/k09Onac8_normal.jpg
144,Ira Chinoy,ichinoy,"UMD Journalism Associate Prof., Co-director, Future of Information Alliance #FIAumd. Ex: Washington Post, Providence Journal ...",http://twitter.com/ichinoy,http://pbs.twimg.com/profile_images/1393085820/chinoy_UMD_photo_2010_B_normal.jpg
145,Aron Pilhofer,pilhofer,Executive editor of digital at the @Guardian. Proud @nytimes alum. Co-founder of @documentcloud & @HacksHackers. Corinthian yachtsman.,http://twitter.com/pilhofer,http://pbs.twimg.com/profile_images/477402975963709440/IXC-6WvJ_normal.jpeg
146,Jeff Larson,thejefflarson,Data Whisperer at ProPublica and all around swell guy. Going on a charm offensive. Dad jokes with @lacaitlincraven. Public key: https://t.co/seEJ2hGtVd,http://twitter.com/thejefflarson,http://pbs.twimg.com/profile_images/419493280334635009/UkpxTe_e_normal.jpeg
147,jonathanstray,jonathanstray,"Journalist, data scientist. Teaching computational journalism at Columbia, built @overviewproject. Circus geek. Ask me anything.",http://twitter.com/jonathanstray,http://pbs.twimg.com/profile_images/653980766/Jonathan_in_Sunglasses_Square_normal.jpg
148,Ben Poston,bposton,"@latimes data reporter. Adjunct professor with @USCAnnenberg. Fmr with @js_watchdog. Native of Springfield, Ohio. Send tips to ben.poston@latimes.com",http://twitter.com/bposton,http://pbs.twimg.com/profile_images/654779310914453504/SIUx-HSa_normal.jpg
149,Heather Billings,hbillings,A steamroller in heels. Front-end dev @18F. Helpmeet to prolific tweeter @DrewBattaglia. My heart's in the high country of the Sierras. ✝,http://twitter.com/hbillings,http://pbs.twimg.com/profile_images/378800000572117888/7458e1e33616050eb4326649f18120b8_normal.jpeg
150,Tyler Dukes,mtdukes,Investigative reporter at @WRAL specializing in data and public records. 2017 Nieman Fellow. Powered by gas station coffee and Eastern North Carolina barbecue.,http://twitter.com/mtdukes,http://pbs.twimg.com/profile_images/665027088148275200/pamqy_Y4_normal.jpg
151,Matt Stiles (맷 스타일스),stiles,"Roving reporter focused on data analysis and visualization. Dad. Texan. GIS. Formerly @wsj, @nprnews, @texastribune, et al. Like 김치. Love 牛肉麵. mattstiles/gmail",http://twitter.com/stiles,http://pbs.twimg.com/profile_images/689094506583601152/XmKNcnLf_normal.jpg
152,Michael Corey,mikejcorey,"Senior News Applications Developer for @Reveal. I love mapping, data journalism and interface design. History = food = good.",http://twitter.com/mikejcorey,http://pbs.twimg.com/profile_images/56115872/reggiehead_normal.jpg
153,☔️ Aaron Williams ☔️,aboutaaron,(☞ ͡° ͜ʖ ͡°)☞ Reporter @postgraphics ✊ Hacker @CACivicData⚡aaron.williams@washpost.com. always willing to help. email me.,http://twitter.com/aboutaaron,http://pbs.twimg.com/profile_images/726954544190636032/SDJR1YM1_normal.jpg
154,Ellie Fields,eleanorpd,"Technologist, data geek, closet economist, fervent reader, and blogger. Working @Tableau Software in Seattle. Also running #Tapestryconf.",http://twitter.com/eleanorpd,http://pbs.twimg.com/profile_images/1346747955/Ellie-fields-4_normal.png
155,Brian Boyer,brianboyer,"Editor, @nprviz. Hacker journalist.",http://twitter.com/brianboyer,http://pbs.twimg.com/profile_images/508121738140319744/Ff_UFtbA_normal.png
156,Ben Welsh,palewire,"Editor, @LATdatadesk at @latimes · Organizer, @cacivicdata at http://t.co/lZvqTdDOmO · Archivist, http://t.co/CaO6K276g3 · Send tips to ben.welsh@latimes.com",http://twitter.com/palewire,http://pbs.twimg.com/profile_images/575168731417944064/T-S7fg3H_normal.png
157,Derek Willis,derekwillis,"Journalist with a coding habit at @propublica. Help run @openelex. Prev NYT, WaPo, CPI, CQ, PBPost. Not a UK basketball player. Pub key: https://t.co/KMn3UkihSo",http://twitter.com/derekwillis,http://pbs.twimg.com/profile_images/687703455998316544/GDZrZF0D_normal.jpg
158,branthouston,branthouston,"Knight Chair in Investigative Reporting; Investigative News Network, Board Chair; Global Investigative Journalism Network, Co-Founder",http://twitter.com/branthouston,http://pbs.twimg.com/profile_images/143245728/photo_normal.jpg
159,Becca Aaronson,becca_aa,"@newsapps team lead, producer/developer/reporter @TexasTribune. Visual storyteller, analytical thinker & Texan to the bone.",http://twitter.com/becca_aa,http://pbs.twimg.com/profile_images/3212072271/4d61af8017a41121dbc96cc49f81a78e_normal.jpeg
160,Laura (Norton) Amico,LauraNorton,"Digital projects editor @bostonglobe. Also Glass Eye Media/ Homicide Watch, Nieman-Berkman fellow- class of 2013, ice-cream maker, cook, eater.",http://twitter.com/LauraNorton,http://pbs.twimg.com/profile_images/506487763924156416/1JcyHbrH_normal.jpeg
161,Ted Han,knowtheory,"Leads @documentcloud engineering. Studied computational linguistics. Married to @crupar. Talks too much.
ricochet:xpizz2oatwtr2yr4
https://t.co/2skWwKARAc",http://twitter.com/knowtheory,http://pbs.twimg.com/profile_images/700705907349413892/CX11JMZa_normal.jpg
162,Chris Barr,heychrisbarr,"Media Innovation at @knightfdn. In general: interested in how human culture is shared though media, art and information systems. Appalachian.",http://twitter.com/heychrisbarr,http://pbs.twimg.com/profile_images/708498141771792384/8iPcSfUp_normal.jpg
163,John Keefe,jkeefe,"Journalist, maker and professional beginner. WNYC Data News Editor. PGP: A984 EFF1",http://twitter.com/jkeefe,http://pbs.twimg.com/profile_images/452483833347055616/ROXY1xVR_normal.jpeg
164,Mike Tigas,mtigas,Hacker-journalist at @ProPublica. Also: Lead dev on @OnionBrowser (Tor iOS) & @TabulaPDF. Former @OpenNews fellow. @spocats parent.,http://twitter.com/mtigas,http://pbs.twimg.com/profile_images/661421951781462016/ZSRsjDng_normal.jpg
165,Abraham Epton,aepton,"Writer, technologist, reader, hacker, enjoyer of hacks, Chicagoan. Data reporter at @KUOW, ex @chicagotribune. Views expressed are my own.",http://twitter.com/aepton,http://pbs.twimg.com/profile_images/526761639421288448/65X9XOLR_normal.png
166,Nick Diakopoulos,ndiakopoulos,"University of Maryland Professor and @TowCenter fellow. Computational journalism, data visualization, online commenting, algorithmic accountability etc.",http://twitter.com/ndiakopoulos,http://pbs.twimg.com/profile_images/1243375474/nick1_thumb2_normal.jpg
167,Mandy Jenkins,mjenkins,"Head of News at @Storyful. New media fangirl, snarky sports fan, cat lady & @ONA VP.",http://twitter.com/mjenkins,http://pbs.twimg.com/profile_images/2709132124/141f18cde6962a2d89ee3511f2e65719_normal.jpeg
168,mattwynn,mattwynn,Pithy little smartass doing data and govt reporting. Open DMs.,http://twitter.com/mattwynn,http://pbs.twimg.com/profile_images/58206276/IMAG0421_normal.JPG
169,Rob Barry,rob_barry,"Reporter and data journalism nerd @WSJ, formerly @MiamiHerald.",http://twitter.com/rob_barry,http://pbs.twimg.com/profile_images/719259291924889600/4n_t0l3r_normal.jpg
170,Jonathan Stoneman,stonepeople,"Trainer specialising in journalism (data in particular) Trustee, Libraries Unlimited SW. Classical music (horn player) too.",http://twitter.com/stonepeople,http://pbs.twimg.com/profile_images/679668102922170368/tBPFv3dL_normal.jpg
171,Sharon Machlis,sharon000,"Executive editor, online & data analytics at Computerworld tweeting about tech news & trends #dataviz #rstats #gis #data #security  #ddj",http://twitter.com/sharon000,http://pbs.twimg.com/profile_images/1174545663/SharonMachlis_sm2_normal.jpg
172,Vanessa Schneider,vanessagene,Googler working with media pros using @googlemaps and @googleearth to tell their stories. Formerly of Hot Potato & The New York Times. Feed me cupcakes.,http://twitter.com/vanessagene,http://pbs.twimg.com/profile_images/563427704695816192/WOegiks6_normal.jpeg
173,David Eads,eads,"More conversations, fewer situations. Currently @nprviz. Creator of @tarbellproject. Previously @tribapps, @freegeekchicago, @invinst.",http://twitter.com/eads,http://pbs.twimg.com/profile_images/564089247414505473/LomoSXrs_normal.jpeg
174,Aaron Bycoffe,bycoffe,"Computational journalist, @FiveThirtyEight",http://twitter.com/bycoffe,http://pbs.twimg.com/profile_images/2488720665/di7nysd4p9nu6pydrwyi_normal.png
175,Arvind Satyanarayan,arvindsatya1,@StanfordHCI and @uwdata PhD Candidate working with @jeffrey_heer on https://t.co/tr1dj8EUF6. Cofounder and advisor @apropose,http://twitter.com/arvindsatya1,http://pbs.twimg.com/profile_images/439814373205229568/IK2XaOnQ_normal.jpeg
176,Chrys Wu,MacDiva,"Talking is good; making is better. I do: 
• @HacksHackersNYC • @WriteSpeakCode • @RobotFilmFest • @NYCRubyWomen • @NYTimes  Developer Advocate @NYTDevs",http://twitter.com/MacDiva,http://pbs.twimg.com/profile_images/458941050472501248/SHCDGM1K_normal.jpeg
177,Matt Waite,mattwaite,"Journalism Prof. @ U of Nebraska-Lincoln, founder of Drone Journalism Lab, co-founder of Hot Type Consulting LLC, developer of PolitiFact.",http://twitter.com/mattwaite,http://pbs.twimg.com/profile_images/557594943858827264/TqfCWS56_normal.jpeg
178,amandabee,amandabee,"Senior Fellow, BuzzFeed @openlab for Journalism, Technology, and the Arts
D5E2 A37E 2FEB 7AA0 FBCC 361F 928A 9D15 D3BD 00B9",http://twitter.com/amandabee,http://pbs.twimg.com/profile_images/1582449475/5748079010_babd68218a_b_normal.jpg
179,Jeremy Bowers,jeremybowers,"Elections, Congress, SCOTUS at @nytinteractive. Priors: @nprviz, @washingtonpost, @tb_times. Cook. Oenophile. #TheSqueezle, #Giblette & @beckybowers.",http://twitter.com/jeremybowers,http://pbs.twimg.com/profile_images/723532978727600128/zMDNxbyI_normal.jpg
180,Al Shaw,A_L,developer / designer / reporter at ProPublica,http://twitter.com/A_L,http://pbs.twimg.com/profile_images/534125016330153984/4Dd721lC_normal.jpeg
181,Mohammed Haddad,haddadme,"Data journalist @AJEnglish. Excited about #Gaza, #Dataviz, #crowdsourcing. @PalestineRemix cofounder. Views are my own.",http://twitter.com/haddadme,http://pbs.twimg.com/profile_images/706930723559759872/Dz3enkQD_normal.jpg
182,Alyson Hurt,alykat,"Graphics editor for @NPR, on the @nprviz team. Married to @pong. Shutterbug. Wanderer. Geek. I use ❤️s as a queue.",http://twitter.com/alykat,http://pbs.twimg.com/profile_images/28267962/aly-aim_normal.gif
183,Scott Klein,kleinmatic,"Deputy Managing Editor, ProPublica, and Co-Founder of DocumentCloud. Teacher at the New School J+D program. Bio, Email & PGP Key: https://t.co/qCELzmzJXA",http://twitter.com/kleinmatic,http://pbs.twimg.com/profile_images/696883236237144064/spLCx_2G_normal.jpg
184,Ryan Pitts,ryanpitts,"Code+journalism with Knight-Mozilla @OpenNews. Helped make @CensusReporter & @SpokesmanReview. News dev, baseball, PacNW, beer. Yellowstone caldera Zone 4.",http://twitter.com/ryanpitts,http://pbs.twimg.com/profile_images/1162873709/ryan_normal.jpg
185,Chris Amico,eyeseast,"Journalist/developer. Interactive editor @frontlinepbs. Builder of @HomicideWatch. Sinophile for fun. Past: @WBUR, @NPR, @NewsHour.",http://twitter.com/eyeseast,http://pbs.twimg.com/profile_images/486123625838174208/pNc_oFYV_normal.jpeg
186,Roberto Rocha,robroc,"Data journalist at large, aspiring civic hacker, @HacksHackersMTL co-organizer. Casual at @CBCMontreal. Anyone can DM. PGP key: https://t.co/xqdskw4SXx",http://twitter.com/robroc,http://pbs.twimg.com/profile_images/685894478767378433/oIW7lkCa_normal.jpg
187,Tom MacWright,tmcw,"work: https://t.co/djeLWKvmpe
code: https://t.co/j4toNgk9Vd",http://twitter.com/tmcw,http://pbs.twimg.com/profile_images/703227167132491776/9wBdxysW_normal.jpg
188,Jacqui Maher,jacqui,I'm a New Yorker in London working in news. To those who think my skillset makes me a unicorn: I thought I told you to wait in the car.,http://twitter.com/jacqui,http://pbs.twimg.com/profile_images/686492433870368768/cP8eQGnw_normal.jpg
189,Mark Hansen,cocteau,Professor of Journalism at Columbia University and head of the David and Helen Gurley Brown Institute for Media Innovation,http://twitter.com/cocteau,http://pbs.twimg.com/profile_images/577528243240058880/LPBFsV9k_normal.jpeg
190,Joe Germuska,JoeGermuska,"Chief Nerd @KnightLab • Project lead @CensusReporter • Host, Conference of the Birds, WNUR-FM •  Data Journalism • Civic Tech • Open Source",http://twitter.com/JoeGermuska,http://pbs.twimg.com/profile_images/1106450027/sepia_alembic_bigger_normal.png
